,Name,Infected score,Noninfected score,Out score
0,data\Images\24 hpi_24 hpi08.04.2021 NLFK nucleolin r488 A3B10 m546 DAPI CPV 24 hpi .lif - Overview 1Preview 2_19.tiff,0.7707133,0.20962198,0.019664736
1,data\Images\24 hpi_24 hpi08.04.2021 NLFK nucleolin r488 A3B10 m546 DAPI CPV 24 hpi .lif - Overview 2Preview 2_69.tiff,0.97247,0.024888571,0.002641377
2,data\Images\24 hpi_24 hpi08.04.2021 NLFK nucleolin r488 A3B10 m546 DAPI CPV 24 hpi .lif - TileScan 2_36.tiff,0.999663,4.681087e-05,0.00029019683
3,data\Images\24 hpi_24 hpi08.04.2021 NLFK nucleolin r488 A3B10 m546 DAPI CPV 24 hpi .lif - TileScan 2_37.tiff,0.9726352,0.025333341,0.0020314758
4,data\Images\24 hpi_24 hpi08.04.2021 NLFK nucleolin r488 A3B10 m546 DAPI CPV 24 hpi .lif - TileScan 2_38.tiff,0.99786407,0.0013000923,0.0008359356
5,data\Images\24 hpi_24 hpi08.04.2021 NLFK nucleolin r488 A3B10 m546 DAPI CPV 24 hpi .lif - TileScan 2_39.tiff,0.94936025,0.045059443,0.0055803354
6,data\Images\24 hpi_24 hpi08.04.2021 NLFK nucleolin r488 A3B10 m546 DAPI CPV 24 hpi .lif - TileScan 2_40.tiff,0.9989035,0.0003820696,0.0007143768
7,data\Images\24 hpi_24 hpi08.04.2021 NLFK nucleolin r488 A3B10 m546 DAPI CPV 24 hpi .lif - TileScan 2_41.tiff,0.9576533,0.041089725,0.0012570174
8,data\Images\24 hpi_24 hpi08.04.2021 NLFK nucleolin r488 A3B10 m546 DAPI CPV 24 hpi .lif - TileScan 2_42.tiff,0.9996345,0.00010611867,0.0002592518
9,data\Images\24 hpi_24 hpi08.04.2021 NLFK nucleolin r488 A3B10 m546 DAPI CPV 24 hpi .lif - TileScan 2_43.tiff,0.9784887,0.021012573,0.00049873936
10,data\Images\24 hpi_24 hpi08.04.2021 NLFK nucleolin r488 A3B10 m546 DAPI CPV 24 hpi .lif - TileScan 2_44.tiff,0.9897537,0.008296069,0.0019501769
11,data\Images\24 hpi_24 hpi08.04.2021 NLFK nucleolin r488 A3B10 m546 DAPI CPV 24 hpi .lif - TileScan 2_45.tiff,0.999788,1.567506e-05,0.00019627986
12,data\Images\24 hpi_24 hpi08.04.2021 NLFK nucleolin r488 A3B10 m546 DAPI CPV 24 hpi .lif - TileScan 2_46.tiff,0.99929845,0.00014892426,0.00055256934
13,data\Images\24 hpi_24 hpi08.04.2021 NLFK nucleolin r488 A3B10 m546 DAPI CPV 24 hpi .lif - TileScan 2_47.tiff,0.9942516,0.004040521,0.001707889
14,data\Images\24 hpi_24 hpi08.04.2021 NLFK nucleolin r488 A3B10 m546 DAPI CPV 24 hpi .lif - TileScan 2_48.tiff,0.9999027,8.667059e-06,8.857531e-05
15,data\Images\24 hpi_24 hpi08.04.2021 NLFK nucleolin r488 A3B10 m546 DAPI CPV 24 hpi .lif - TileScan 2_50.tiff,0.99769527,0.0015293215,0.00077537104
16,data\Images\24 hpi_24 hpi08.04.2021 NLFK nucleolin r488 A3B10 m546 DAPI CPV 24 hpi .lif - TileScan 4_78.tiff,0.9873641,0.010072611,0.0025632496
17,data\Images\24 hpi_24 hpi08.04.2021 NLFK nucleolin r488 A3B10 m546 DAPI CPV 24 hpi .lif - TileScan 4_79.tiff,0.9976065,0.0010595141,0.0013339408
18,data\Images\24 hpi_24 hpi08.04.2021 NLFK nucleolin r488 A3B10 m546 DAPI CPV 24 hpi .lif - TileScan 4_80.tiff,0.9985349,0.000575051,0.0008900255
19,data\Images\24 hpi_24 hpi08.04.2021 NLFK nucleolin r488 A3B10 m546 DAPI CPV 24 hpi .lif - TileScan 4_81.tiff,0.9802737,0.019001978,0.00072428235
20,data\Images\24 hpi_24 hpi08.04.2021 NLFK nucleolin r488 A3B10 m546 DAPI CPV 24 hpi .lif - TileScan 4_82.tiff,0.98457044,0.012811879,0.002617754
21,data\Images\24 hpi_24 hpi08.04.2021 NLFK nucleolin r488 A3B10 m546 DAPI CPV 24 hpi continues.lif - TileScan 1_28.tiff,0.9992545,0.00014123444,0.00060419505
22,data\Images\24 hpi_24 hpi08.04.2021 NLFK nucleolin r488 A3B10 m546 DAPI CPV 24 hpi continues.lif - TileScan 1_29.tiff,0.99633694,0.0032073306,0.00045567992
23,data\Images\24 hpi_24 hpi08.04.2021 NLFK nucleolin r488 A3B10 m546 DAPI CPV 24 hpi continues.lif - TileScan 1_30.tiff,0.98947716,0.008195836,0.0023269693
24,data\Images\24 hpi_24 hpi08.04.2021 NLFK nucleolin r488 A3B10 m546 DAPI CPV 24 hpi continues.lif - TileScan 1_31.tiff,0.99789053,3.6600188e-05,0.0020728102
25,data\Images\24 hpi_24 hpi08.04.2021 NLFK nucleolin r488 A3B10 m546 DAPI CPV 24 hpi continues.lif - TileScan 1_32.tiff,0.5137392,0.47409743,0.012163332
26,data\Images\24 hpi_24 hpi08.04.2021 NLFK nucleolin r488 A3B10 m546 DAPI CPV 24 hpi continues.lif - TileScan 1_33.tiff,0.9758197,0.021526402,0.0026538735
27,data\Images\24 hpi_24 hpi08.04.2021 NLFK nucleolin r488 A3B10 m546 DAPI CPV 24 hpi continues.lif - TileScan 1_34.tiff,0.9982035,0.00069743773,0.0010989902
28,data\Images\24 hpi_24 hpi08.04.2021 NLFK nucleolin r488 A3B10 m546 DAPI CPV 24 hpi continues.lif - TileScan 1_35.tiff,0.9912936,0.005808363,0.0028980717
29,data\Images\24 hpi_24 hpi08.04.2021 NLFK nucleolin r488 A3B10 m546 DAPI CPV 24 hpi continues.lif - TileScan 1_36.tiff,0.99711454,0.0007287352,0.0021567487
30,data\Images\24 hpi_24 hpi08.04.2021 NLFK nucleolin r488 A3B10 m546 DAPI CPV 24 hpi continues.lif - TileScan 1_37.tiff,0.9993206,0.00037192128,0.00030745857
31,data\Images\24 hpi_24 hpi08.04.2021 NLFK nucleolin r488 A3B10 m546 DAPI CPV 24 hpi continues.lif - TileScan 1_38.tiff,0.90931606,0.089446016,0.0012379127
32,data\Images\24 hpi_24 hpi08.04.2021 NLFK nucleolin r488 A3B10 m546 DAPI CPV 24 hpi continues.lif - TileScan 1_39.tiff,0.97259754,0.025374407,0.0020280892
33,data\Images\24 hpi_24 hpi08.04.2021 NLFK nucleolin r488 A3B10 m546 DAPI CPV 24 hpi continues.lif - TileScan 1_40.tiff,0.98364383,0.0123045975,0.0040516034
34,data\Images\24 hpi_24 hpi08.04.2021 NLFK nucleolin r488 A3B10 m546 DAPI CPV 24 hpi continues.lif - TileScan 1_41.tiff,0.99219805,0.0037760572,0.0040258225
35,data\Images\24 hpi_24 hpi08.04.2021 NLFK nucleolin r488 A3B10 m546 DAPI CPV 24 hpi continues.lif - TileScan 1_42.tiff,0.9917888,0.007420065,0.00079121883
36,data\Images\24 hpi_24 hpi08.04.2021 NLFK nucleolin r488 A3B10 m546 DAPI CPV 24 hpi continues.lif - TileScan 1_43.tiff,0.9835813,0.01356497,0.0028536858
37,data\Images\24hpi_001.tiff,0.89142936,0.10637872,0.0021920041
38,data\Images\24hpi_002.tiff,0.2616684,0.73621047,0.0021211414
39,data\Images\24hpi_003.tiff,0.9497085,0.04490545,0.005386045
40,data\Images\24hpi_004.tiff,0.92157745,0.07690501,0.0015175452
41,data\Images\24hpi_005.tiff,0.07956598,0.9194235,0.0010104504
42,data\Images\24hpi_006.tiff,0.7196183,0.2679378,0.0124437995
43,data\Images\24hpi_007.tiff,0.41255772,0.5840758,0.0033664927
44,data\Images\24hpi_009.tiff,0.94396687,0.054348197,0.0016848735
45,data\Images\24hpi_010.tiff,0.9495824,0.047016837,0.0034007812
46,data\Images\24hpi_011.tiff,0.017982038,0.97904015,0.0029777307
47,data\Images\24hpi_012.tiff,0.9961039,0.0011433664,0.00275277
48,data\Images\24hpi_013.tiff,0.41238737,0.57554895,0.0120637175
49,data\Images\24hpi_014.tiff,0.9084835,0.09031066,0.0012058273
50,data\Images\24hpi_016.tiff,0.9842943,0.010494858,0.005210863
51,data\Images\24hpi_017.tiff,0.97437286,0.018599132,0.0070280735
52,data\Images\24hpi_020.tiff,0.9640138,0.017125538,0.018860688
53,data\Images\24hpi_021.tiff,0.998784,0.00030749047,0.00090851716
54,data\Images\24hpi_022.tiff,0.9936837,0.0031537276,0.0031625084
55,data\Images\24hpi_023.tiff,0.99068004,0.008780015,0.00053994486
56,data\Images\24hpi_024.tiff,0.9686307,0.026205033,0.005164291
57,data\Images\24hpi_025.tiff,0.9836134,0.015050791,0.0013357514
58,data\Images\24hpi_026.tiff,0.961995,0.032969333,0.005035715
59,data\Images\24hpi_027.tiff,0.7645267,0.2340235,0.0014497571
60,data\Images\24hpi_028.tiff,0.99480045,0.0038915172,0.0013079884
61,data\Images\24hpi_029.tiff,0.9686655,0.02811296,0.0032216057
62,data\Images\24hpi_030.tiff,0.99061126,0.0065774117,0.0028113592
63,data\Images\24hpi_031.tiff,0.9915978,0.0066391076,0.0017630429
64,data\Images\24hpi_033.tiff,0.99655485,0.0020609302,0.0013842133
65,data\Images\24hpi_034.tiff,0.9762635,0.0157188,0.008017677
66,data\Images\24hpi_036.tiff,0.9919071,0.006016539,0.0020763543
67,data\Images\24hpi_037.tiff,0.9523736,0.043457426,0.004168901
68,data\Images\24hpi_038.tiff,0.9413406,0.05507339,0.0035859672
69,data\Images\24hpi_040.tiff,0.88577384,0.11159045,0.002635669
70,data\Images\24hpi_041.tiff,0.99916387,0.00033224595,0.0005039645
71,data\Images\30hpi_001.tiff,0.9658568,0.032100484,0.002042792
72,data\Images\30hpi_002.tiff,0.99148893,0.004075068,0.004435936
73,data\Images\30hpi_003.tiff,0.99182194,0.005305345,0.0028727301
74,data\Images\30hpi_004.tiff,0.99745315,0.00088303187,0.0016638986
75,data\Images\30hpi_006.tiff,0.973573,0.016930057,0.0094968695
76,data\Images\30hpi_007.tiff,0.9989784,0.00039627467,0.0006253733
77,data\Images\30hpi_008.tiff,0.99935716,5.001221e-05,0.0005927721
78,data\Images\30hpi_009.tiff,0.99874026,0.00045686602,0.0008029302
79,data\Images\30hpi_010.tiff,0.9939976,0.0045180065,0.0014844097
80,data\Images\30hpi_012.tiff,0.9983078,0.00051194284,0.0011802037
81,data\Images\30hpi_013.tiff,0.99793917,0.00017291305,0.0018879356
82,data\Images\30hpi_014.tiff,0.99903023,0.00065903045,0.0003106651
83,data\Images\30hpi_015.tiff,0.98445857,0.011255786,0.004285611
84,data\Images\30hpi_016.tiff,0.96916974,0.028640276,0.002189931
85,data\Images\30hpi_017.tiff,0.99095786,0.0052618906,0.0037801971
86,data\Images\30hpi_018.tiff,0.9979614,0.0010903594,0.0009483367
87,data\Images\30hpi_019.tiff,0.9120335,0.08636422,0.0016021996
88,data\Images\30hpi_020.tiff,0.99817705,0.0010021095,0.00082075776
89,data\Images\30hpi_021.tiff,0.99053323,0.0065696156,0.0028970544
90,data\Images\30hpi_022.tiff,0.9893199,0.008098092,0.0025819375
91,data\Images\30hpi_023.tiff,0.9777656,0.008445648,0.01378883
92,data\Images\30hpi_024.tiff,0.9373312,0.052646812,0.010021964
93,data\Images\30hpi_025.tiff,0.9982408,0.00033057932,0.0014285502
94,data\Images\30hpi_026.tiff,0.9986946,0.00035306107,0.00095229136
95,data\Images\30hpi_027.tiff,0.997171,0.0022855017,0.00054348697
96,data\Images\30hpi_028.tiff,0.9047196,0.09247818,0.0028021587
97,data\Images\30hpi_030.tiff,0.9788316,0.01472895,0.0064395093
98,data\Images\30hpi_031.tiff,0.985129,0.0052211415,0.009649846
99,data\Images\30hpi_032.tiff,0.94431615,0.053724755,0.001959046
100,data\Images\30hpi_033.tiff,0.9920889,0.0065941527,0.0013169496
101,data\Images\30hpi_034.tiff,0.9987915,0.00019065113,0.0010178353
102,data\Images\30hpi_035.tiff,0.9988323,0.000108923814,0.0010587522
103,data\Images\30hpi_036.tiff,0.96035755,0.034966324,0.0046760724
104,data\Images\30hpi_037.tiff,0.9996495,4.876746e-05,0.00030169735
105,data\Images\30hpi_038.tiff,0.9943557,0.0027265486,0.0029177694
106,data\Images\30hpi_039.tiff,0.9938834,0.0042507877,0.0018658314
107,data\Images\30hpi_040.tiff,0.9985985,0.00020345468,0.0011980112
108,data\Images\30hpi_081.tiff,0.98651356,0.003747062,0.009739367
109,data\Images\30hpi_082.tiff,0.9858214,0.0017535435,0.012425061
110,data\Images\30hpi_083.tiff,0.9988111,0.0005827466,0.0006061884
111,data\Images\30hpi_084.tiff,0.99413353,0.0016834243,0.004183006
112,data\Images\30hpi_085.tiff,0.9968484,0.0009439667,0.0022075167
113,data\Images\30hpi_086.tiff,0.97574097,0.015061838,0.009197252
114,data\Images\30hpi_088.tiff,0.9991001,0.0003888231,0.000511044
115,data\Images\30hpi_089.tiff,0.9532041,0.03975788,0.007037977
116,data\Images\30hpi_091.tiff,0.91310084,0.084306054,0.0025931087
117,data\Images\30hpi_092.tiff,0.9985487,0.00020463443,0.0012466998
118,data\Images\30hpi_093.tiff,0.7447184,0.21481808,0.04046359
119,data\Images\30hpi_094.tiff,0.99911445,7.249231e-05,0.0008130299
120,data\Images\30hpi_095.tiff,0.99811006,0.0006681196,0.0012218066
121,data\Images\30hpi_096.tiff,0.9961085,0.0015781058,0.0023133592
122,data\Images\30hpi_097.tiff,0.99814653,0.0011052563,0.0007482255
123,data\Images\30hpi_098.tiff,0.9987871,0.00012414539,0.0010886851
124,"data\Images\NLFK CPV 24 hpi C1-DAPI, C2-DIC, C3-A3B10, C4-Cdk1_001.tiff",0.9968815,0.0016479499,0.0014706006
125,"data\Images\NLFK CPV 24 hpi C1-DAPI, C2-DIC, C3-A3B10, C4-Cdk1_002.tiff",0.98418576,0.014436494,0.0013776915
126,"data\Images\NLFK CPV 24 hpi C1-DAPI, C2-DIC, C3-A3B10, C4-Cdk1_003.tiff",0.9974775,0.0018846234,0.0006379263
127,"data\Images\NLFK CPV 24 hpi C1-DAPI, C2-DIC, C3-A3B10, C4-Cdk1_004.tiff",0.9974165,0.00066935754,0.0019140498
128,"data\Images\NLFK CPV 24 hpi C1-DAPI, C2-DIC, C3-A3B10, C4-Cdk1_008.tiff",0.9636492,0.029350525,0.007000188
129,"data\Images\NLFK CPV 24 hpi C1-DAPI, C2-DIC, C3-A3B10, C4-Cdk1_009.tiff",0.9113634,0.08741201,0.0012246348
130,"data\Images\NLFK CPV 24 hpi C1-DAPI, C2-DIC, C3-A3B10, C4-Cdk1_010.tiff",0.98841906,0.008540673,0.0030402115
131,"data\Images\NLFK CPV 24 hpi C1-DAPI, C2-DIC, C3-A3B10, C4-Cdk1_011.tiff",0.99363565,0.0021507647,0.004213674
132,"data\Images\NLFK CPV 24 hpi C1-DAPI, C2-DIC, C3-A3B10, C4-Cdk1_012.tiff",0.99499017,0.0041072085,0.0009026221
133,"data\Images\NLFK CPV 24 hpi C1-DAPI, C2-DIC, C3-A3B10, C4-Cdk1_013.tiff",0.9549322,0.04261363,0.0024541228
134,"data\Images\NLFK CPV 24 hpi C1-DAPI, C2-DIC, C3-A3B10, C4-Cdk1_014.tiff",0.96691185,0.031919055,0.0011691318
135,"data\Images\NLFK CPV 24 hpi C1-DAPI, C2-DIC, C3-A3B10, C4-Cdk1_016.tiff",0.989449,0.007197255,0.0033537603
136,"data\Images\NLFK CPV 24 hpi C1-DAPI, C2-DIC, C3-A3B10, C4-Cdk1_018.tiff",0.9945939,0.0041862545,0.0012198036
137,"data\Images\NLFK CPV 24 hpi C1-DAPI, C2-DIC, C3-A3B10, C4-Cdk1_019.tiff",0.8000101,0.1953337,0.0046562417
138,"data\Images\NLFK CPV 24 hpi C1-DAPI, C2-DIC, C3-A3B10, C4-Cdk1_021.tiff",0.9845932,0.013465084,0.0019417229
139,"data\Images\NLFK CPV 24 hpi C1-DAPI, C2-DIC, C3-A3B10, C4-Cdk1_023.tiff",0.9982874,0.0010827129,0.0006298908
140,"data\Images\NLFK CPV 24 hpi C1-DAPI, C2-DIC, C3-A3B10, C4-Cdk1_024.tiff",0.8646541,0.11890529,0.016440675
141,"data\Images\NLFK CPV 24 hpi C1-DAPI, C2-DIC, C3-A3B10, C4-Cdk1_025.tiff",0.98971176,0.007188323,0.003099886
142,"data\Images\NLFK CPV 24 hpi C1-DAPI, C2-DIC, C3-A3B10, C4-Cdk1_026.tiff",0.9969869,0.0019289538,0.001084127
143,"data\Images\NLFK CPV 24 hpi C1-DAPI, C2-DIC, C3-A3B10, C4-Cdk1_027.tiff",0.9864826,0.009988431,0.0035289617
144,"data\Images\NLFK CPV 24 hpi C1-DAPI, C2-DIC, C3-A3B10, C4-Cdk1_028.tiff",0.99734503,0.00138008,0.0012748779
145,"data\Images\NLFK CPV 24 hpi C1-DAPI, C2-DIC, C3-A3B10, C4-Cdk1_029.tiff",0.9964078,0.002806972,0.00078521174
146,"data\Images\NLFK CPV 24 hpi C1-DAPI, C2-DIC, C3-A3B10, C4-Cdk1_030.tiff",0.9867055,0.009324057,0.003970366
147,"data\Images\NLFK CPV 24 hpi C1-DAPI, C2-DIC, C3-A3B10, C4-Cdk1_031.tiff",0.9539124,0.041752085,0.0043354663
148,"data\Images\NLFK CPV 24 hpi C1-DAPI, C2-DIC, C3-A3B10, C4-Cdk1_032.tiff",0.9962418,0.0027334976,0.0010247254
149,"data\Images\NLFK CPV 24 hpi C1-DAPI, C2-DIC, C3-A3B10, C4-Cdk1_033.tiff",0.99861526,0.00069701776,0.00068766624
150,"data\Images\NLFK CPV 24 hpi C1-DAPI, C2-NS1, C3-cyclin B1, C4 H2AX s139_001.tiff",0.9991572,0.00052605727,0.00031673603
151,"data\Images\NLFK CPV 24 hpi C1-DAPI, C2-NS1, C3-cyclin B1, C4 H2AX s139_002.tiff",0.99881303,5.630171e-05,0.0011306873
152,"data\Images\NLFK CPV 24 hpi C1-DAPI, C2-NS1, C3-cyclin B1, C4 H2AX s139_003.tiff",0.9983171,0.000715919,0.0009669539
153,"data\Images\NLFK CPV 24 hpi C1-DAPI, C2-NS1, C3-cyclin B1, C4 H2AX s139_004.tiff",0.99550456,0.002168677,0.002326804
154,"data\Images\NLFK CPV 24 hpi C1-DAPI, C2-NS1, C3-cyclin B1, C4 H2AX s139_005.tiff",0.9985941,0.0009924471,0.0004134859
155,"data\Images\NLFK CPV 24 hpi C1-DAPI, C2-NS1, C3-cyclin B1, C4 H2AX s139_006.tiff",0.9971015,0.0022123414,0.0006861469
156,"data\Images\NLFK CPV 24 hpi C1-DAPI, C2-NS1, C3-cyclin B1, C4 H2AX s139_007.tiff",0.99601775,0.0008652693,0.0031170482
157,"data\Images\NLFK CPV 24 hpi C1-DAPI, C2-NS1, C3-cyclin B1, C4 H2AX s139_008.tiff",0.99827063,0.0008372941,0.0008919918
158,"data\Images\NLFK CPV 24 hpi C1-DAPI, C2-NS1, C3-cyclin B1, C4 H2AX s139_009.tiff",0.99913186,0.0002937631,0.0005744999
159,"data\Images\NLFK CPV 24 hpi C1-DAPI, C2-NS1, C3-cyclin B1, C4 H2AX s139_010.tiff",0.99238163,0.0035076328,0.004110729
160,"data\Images\NLFK CPV 24 hpi C1-DAPI, C2-NS1, C3-cyclin B1, C4 H2AX s139_011.tiff",0.9359175,0.061386112,0.0026963907
161,"data\Images\NLFK CPV 24 hpi C1-DAPI, C2-NS1, C3-cyclin B1, C4 H2AX s139_012.tiff",0.9976246,0.00039641152,0.0019791026
162,"data\Images\NLFK CPV 24 hpi C1-DAPI, C2-NS1, C3-cyclin B1, C4 H2AX s139_013.tiff",0.93377316,0.06426616,0.0019606894
163,"data\Images\NLFK CPV 24 hpi C1-DAPI, C2-NS1, C3-cyclin B1, C4 H2AX s139_014.tiff",0.9923495,0.0066314326,0.0010191676
164,"data\Images\NLFK CPV 24 hpi C1-DAPI, C2-NS1, C3-cyclin B1, C4 H2AX s139_015.tiff",0.99979645,2.4172401e-05,0.00017934057
165,"data\Images\NLFK CPV 24 hpi C1-DAPI, C2-NS1, C3-cyclin B1, C4 H2AX s139_016.tiff",0.99479914,0.003432659,0.001768153
166,"data\Images\NLFK CPV 24 hpi C1-DAPI, C2-NS1, C3-cyclin B1, C4 H2AX s139_018.tiff",0.9994128,0.00027359303,0.00031364846
167,"data\Images\NLFK CPV 24 hpi C1-DAPI, C2-NS1, C3-cyclin B1, C4 H2AX s139_021.tiff",0.9990194,0.00016078631,0.00081983587
168,"data\Images\NLFK CPV 24 hpi C1-DAPI, C2-NS1, C3-cyclin B1, C4 H2AX s139_023.tiff",0.99421,0.005171502,0.0006185887
169,"data\Images\NLFK CPV 24 hpi C1-DAPI, C2-NS1, C3-cyclin B1, C4 H2AX s139_025.tiff",0.987762,0.0094707925,0.0027672576
170,"data\Images\NLFK CPV 24 hpi C1-DAPI, C2-NS1, C3-cyclin B1, C4 H2AX s139_026.tiff",0.96704483,0.031135213,0.001819968
171,"data\Images\NLFK CPV 24 hpi C1-DAPI, C2-NS1, C3-cyclin B1, C4 H2AX s139_027.tiff",0.99969435,8.66698e-06,0.00029698567
172,"data\Images\NLFK CPV 24 hpi C1-DAPI, C2-NS1, C3-cyclin B1, C4 H2AX s139_028.tiff",0.99960774,0.00014677343,0.00024553217
173,"data\Images\NLFK CPV 24 hpi C1-DAPI, C2-NS1, C3-cyclin B1, C4 H2AX s139_029.tiff",0.9982963,0.0010795211,0.00062416546
174,"data\Images\NLFK CPV 24 hpi C1-DAPI, C2-nothing, C3-NS2, C4-NIFK_001.tiff",0.9996809,3.314623e-05,0.00028599997
175,"data\Images\NLFK CPV 24 hpi C1-DAPI, C2-nothing, C3-NS2, C4-NIFK_002.tiff",0.9907603,0.008272342,0.00096735667
176,"data\Images\NLFK CPV 24 hpi C1-DAPI, C2-nothing, C3-NS2, C4-NIFK_003.tiff",0.99320304,0.0056459657,0.0011509578
177,"data\Images\NLFK CPV 24 hpi C1-DAPI, C2-nothing, C3-NS2, C4-NIFK_004.tiff",0.99869686,0.00089843414,0.00040478588
178,"data\Images\NLFK CPV 24 hpi C1-DAPI, C2-nothing, C3-NS2, C4-NIFK_005.tiff",0.99981815,5.9361217e-05,0.00012251755
179,"data\Images\NLFK CPV 24 hpi C1-DAPI, C2-nothing, C3-NS2, C4-NIFK_007.tiff",0.97122294,0.02478701,0.003990139
180,"data\Images\NLFK CPV 24 hpi C1-DAPI, C2-nothing, C3-NS2, C4-NIFK_008.tiff",0.645266,0.34799337,0.006740615
181,"data\Images\NLFK CPV 24 hpi C1-DAPI, C2-nothing, C3-NS2, C4-NIFK_009.tiff",0.9976769,0.0015553469,0.0007677387
182,"data\Images\NLFK CPV 24 hpi C1-DAPI, C2-nothing, C3-NS2, C4-NIFK_010.tiff",0.97820204,0.020718995,0.0010788566
183,"data\Images\NLFK CPV 24 hpi C1-DAPI, C2-nothing, C3-NS2, C4-NIFK_011.tiff",0.9844007,0.015165862,0.0004334867
184,"data\Images\NLFK CPV 24 hpi C1-DAPI, C2-nothing, C3-NS2, C4-NIFK_012.tiff",0.79261243,0.20326392,0.0041237217
185,"data\Images\NLFK CPV 24 hpi C1-DAPI, C2-nothing, C3-NS2, C4-NIFK_013.tiff",0.9769866,0.021535037,0.00147839
186,"data\Images\NLFK CPV 24 hpi C1-DAPI, C2-nothing, C3-NS2, C4-NIFK_014.tiff",0.9984451,0.001311197,0.00024376101
187,"data\Images\NLFK CPV 24 hpi C1-DAPI, C2-nothing, C3-NS2, C4-NIFK_015.tiff",0.99859685,0.00029189716,0.0011113094
188,"data\Images\NLFK CPV 24 hpi C1-DAPI, C2-nothing, C3-NS2, C4-NIFK_016.tiff",0.99648094,0.0027945093,0.00072448567
189,"data\Images\NLFK CPV 24 hpi C1-DAPI, C2-nothing, C3-NS2, C4-NIFK_017.tiff",0.99786323,0.0015691795,0.00056768645
190,"data\Images\NLFK CPV 24 hpi C1-DAPI, C2-nothing, C3-NS2, C4-NIFK_018.tiff",0.99893457,0.0005034009,0.0005620762
191,"data\Images\NLFK CPV 24 hpi C1-DAPI, C2-nothing, C3-NS2, C4-NIFK_019.tiff",0.9933831,0.0054247864,0.0011920284
192,"data\Images\NLFK CPV 24 hpi C1-DAPI, C2-nothing, C3-NS2, C4-NIFK_021.tiff",0.98960716,0.008677781,0.0017150278
193,"data\Images\NLFK CPV 24 hpi C1-DAPI, C2-nothing, C3-NS2, C4-NIFK_022.tiff",0.9971445,0.0022504786,0.00060509116
194,"data\Images\NLFK CPV 24 hpi C1-DAPI, C2-nothing, C3-NS2, C4-NIFK_023.tiff",0.96098983,0.033308946,0.0057012015
195,"data\Images\NLFK CPV 24 hpi C1-DAPI, C2-nothing, C3-NS2, C4-NIFK_024.tiff",0.74633014,0.25279203,0.00087782444
196,"data\Images\NLFK CPV 24 hpi C1-DAPI, C2-nothing, C3-NS2, C4-NIFK_025.tiff",0.9920832,0.0055559054,0.0023608913
197,"data\Images\NLFK CPV 24 hpi C1-DAPI, C2-nothing, C3-NS2, C4-NIFK_026.tiff",0.4208383,0.5758177,0.0033439985
198,"data\Images\NLFK CPV 24 hpi C1-DAPI, C2-nothing, C3-NS2, C4-NIFK_027.tiff",0.754463,0.24147466,0.0040622456
199,"data\Images\NLFK CPV 24 hpi C1-DAPI, C2-nothing, C3-NS2, C4-NIFK_028.tiff",0.99673873,0.0027116667,0.00054952194
200,"data\Images\NLFK CPV 24 hpi C1-DAPI, C2-nothing, C3-NS2, C4-NIFK_029.tiff",0.9962469,0.0026583043,0.0010948504
201,"data\Images\NLFK CPV 24 hpi C1-DAPI, C2-nothing, C3-NS2, C4-NIFK_030.tiff",0.9995515,0.00025918405,0.00018934355
202,"data\Images\NLFK CPV 24 hpi C1-DAPI, C2-nothing, C3-NS2, C4-NIFK_031.tiff",0.78622675,0.21261768,0.0011555732
203,"data\Images\NLFK CPV 24 hpi C1-DAPI, C2-nothing, C3-NS2, C4-NIFK_032.tiff",0.98371834,0.015534395,0.0007472192
204,"data\Images\NLFK CPV 24 hpi C1-DAPI, C2-nothing, C3-NS2, C4-NIFK_033.tiff",0.7587136,0.24012184,0.0011645907
205,data\Images\NLFK CPV inf 24 hpi DAPI 488 NS1 647 Ki67_1.tiff,0.9986694,0.00047609236,0.00085456687
206,data\Images\NLFK CPV inf 24 hpi DAPI 488 NS1 647 Ki67_2.tiff,0.99311733,0.004513885,0.0023687636
207,data\Images\NLFK CPV inf 24 hpi DAPI 488 NS1 647 Ki67_3.tiff,0.70422226,0.29324505,0.0025327518
208,data\Images\NLFK CPV inf 24 hpi DAPI 488 NS1 647 Ki67_4.tiff,0.98832196,0.010083647,0.0015944577
209,data\Images\NLFK CPV inf 24 hpi DAPI 488 NS1 647 Ki67_5.tiff,0.999255,0.00017176644,0.0005732232
210,data\Images\NLFK CPV inf 24 hpi DAPI 488 NS1 647 Ki67_6.tiff,0.99933404,6.2118495e-05,0.0006038155
211,data\Images\NLFK CPV inf 24 hpi DAPI 488 NS1 647 Ki67_7.tiff,0.88784224,0.1097221,0.0024356265
212,data\Images\NLFK CPV inf 24 hpi DAPI 488 NS1 647 Ki67_8.tiff,0.9979387,0.0009870984,0.0010742663
213,data\Images\NLFK CPV inf 24 hpi DAPI 488 NS1 647 Ki67_9.tiff,0.99497074,0.004480717,0.0005485344
214,data\Images\NLFK CPV inf 24 hpi DAPI 488 NS1 647 Ki67_10.tiff,0.99834716,0.00086476526,0.0007880433
215,data\Images\NLFK CPV inf 24 hpi DAPI 488 NS1 647 Ki67_11.tiff,0.9974112,0.0015678286,0.0010209958
216,data\Images\NLFK CPV inf 24 hpi DAPI 488 NS1 647 Ki67_12.tiff,0.99415356,0.002854617,0.0029918628
217,data\Images\NLFK CPV inf 24 hpi DAPI 488 NS1 647 Ki67_13.tiff,0.9983707,0.0007925286,0.0008367761
218,data\Images\NLFK CPV inf 24 hpi DAPI 488 NS1 647 Ki67_14.tiff,0.99671495,0.0010460131,0.0022390077
219,data\Images\NLFK CPV inf 24 hpi DAPI 488 NS1 647 Ki67_15.tiff,0.999181,0.00040196086,0.0004170522
220,data\Images\NLFK CPV inf 24 hpi DAPI 488 NS1 647 Ki67_16.tiff,0.993483,0.0035637198,0.0029532006
221,data\Images\NLFK CPV inf 24 hpi DAPI 488 NS1 647 Ki67_17.tiff,0.9930494,0.005262404,0.0016881813
222,data\Images\NLFK CPV inf 24 hpi DAPI 488 NS1 647 Ki67_18.tiff,0.99918526,0.0003275146,0.0004871572
223,data\Images\NLFK CPV inf 24 hpi DAPI 488 NS1 647 Ki67_19.tiff,0.9986047,0.0009537493,0.00044151206
224,data\Images\NLFK CPV inf 24 hpi DAPI 488 NS1 647 Ki67_20.tiff,0.9997912,6.4056345e-05,0.00014486417
225,data\Images\NLFK CPV inf 24 hpi DAPI 488 NS1 647 Ki67_21.tiff,0.99498737,0.0024114153,0.002601273
226,data\Images\NLFK CPV inf 24 hpi DAPI 488 NS1 647 Ki67_22.tiff,0.92369324,0.070499286,0.005807454
227,data\Images\NLFK CPV inf 24 hpi DAPI 488 NS1 647 Ki67_23.tiff,0.99834967,0.0004991833,0.0011512261
228,data\Images\NLFK CPV inf 24 hpi DAPI 488 NS1 647 Ki67_24.tiff,0.9988632,0.00026887588,0.00086798257
229,data\Images\NLFK CPV inf 24 hpi DAPI 488 NS1 647 Ki67_25.tiff,0.99616313,0.001835156,0.002001659
230,data\Images\NLFK CPV inf 24 hpi DAPI 488 NS1 647 Ki67_26.tiff,0.99753547,0.00073271187,0.0017317927
231,data\Images\NLFK CPV inf 24 hpi DAPI 488 NS1 647 Ki67_27.tiff,0.9953171,0.0022354922,0.0024473753
232,data\Images\NLFK CPV inf 24 hpi DAPI 488 NS1 647 Ki67_28.tiff,0.9647523,0.0275416,0.007706022
233,data\Images\NLFK CPV inf 24 hpi DAPI 488 NS1 647 Ki67_29.tiff,0.9872913,0.011035152,0.0016735655
234,data\Images\NLFK CPV inf 24 hpi DAPI 488 NS1 647 Ki67_30.tiff,0.9962774,0.0024535372,0.0012690494
